Timestamp,SourceNode,DestinationNode,MessageID
18:30:24,0C:C6:FD:1E:63:2B,F4:CB:52:73:DD:23,1404878960
18:30:34,0C:C6:FD:1E:63:2B,20:34:FB:ED:94:5D,1404878961
18:30:44,0C:C6:FD:1E:63:2B,20:34:FB:ED:94:5D,1404878962
18:30:54,0C:C6:FD:1E:63:2B,F4:CB:52:73:DD:23,1404878963
18:31:04,0C:C6:FD:1E:63:2B,20:34:FB:ED:94:5D,1404878964
18:31:14,0C:C6:FD:1E:63:2B,F4:60:E2:DB:73:29,1404878965
18:31:24,0C:C6:FD:1E:63:2B,F4:CB:52:73:DD:23,1404878966
18:31:35,0C:C6:FD:1E:63:2B,F4:60:E2:DB:73:29,1404878967
18:31:45,0C:C6:FD:1E:63:2B,F4:CB:52:73:DD:23,1404878968
18:31:55,0C:C6:FD:1E:63:2B,F4:CB:52:73:DD:23,1404878969
18:32:05,0C:C6:FD:1E:63:2B,20:34:FB:ED:94:5D,14048789610
18:32:15,0C:C6:FD:1E:63:2B,20:34:FB:ED:94:5D,14048789611
18:32:25,0C:C6:FD:1E:63:2B,F4:CB:52:73:DD:23,14048789612
18:32:35,0C:C6:FD:1E:63:2B,F4:60:E2:DB:73:29,14048789613
18:32:45,0C:C6:FD:1E:63:2B,F4:CB:52:73:DD:23,14048789614
18:32:55,0C:C6:FD:1E:63:2B,F4:60:E2:DB:73:29,14048789615
18:33:05,0C:C6:FD:1E:63:2B,20:34:FB:ED:94:5D,14048789616
18:33:15,0C:C6:FD:1E:63:2B,20:34:FB:ED:94:5D,14048789617
18:33:25,0C:C6:FD:1E:63:2B,20:34:FB:ED:94:5D,14048789618
18:33:35,0C:C6:FD:1E:63:2B,20:34:FB:ED:94:5D,14048789619
18:33:45,0C:C6:FD:1E:63:2B,04:D1:3A:60:45:AB,14048789620
18:33:55,0C:C6:FD:1E:63:2B,20:34:FB:ED:94:5D,14048789621
18:34:05,0C:C6:FD:1E:63:2B,F4:60:E2:DB:73:29,14048789622
18:34:15,0C:C6:FD:1E:63:2B,04:D1:3A:60:45:AB,14048789623
18:34:25,0C:C6:FD:1E:63:2B,F4:60:E2:DB:73:29,14048789624
18:34:35,0C:C6:FD:1E:63:2B,F4:60:E2:DB:73:29,14048789625
18:34:45,0C:C6:FD:1E:63:2B,04:D1:3A:60:45:AB,14048789626
18:34:55,0C:C6:FD:1E:63:2B,F4:CB:52:73:DD:23,14048789627
18:35:05,0C:C6:FD:1E:63:2B,20:34:FB:ED:94:5D,14048789628
18:35:15,0C:C6:FD:1E:63:2B,20:34:FB:ED:94:5D,14048789629
18:35:25,0C:C6:FD:1E:63:2B,F4:CB:52:73:DD:23,14048789630
18:35:35,0C:C6:FD:1E:63:2B,20:34:FB:ED:94:5D,14048789631
18:35:45,0C:C6:FD:1E:63:2B,04:D1:3A:60:45:AB,14048789632
18:35:55,0C:C6:FD:1E:63:2B,F4:CB:52:73:DD:23,14048789633
18:36:05,0C:C6:FD:1E:63:2B,04:D1:3A:60:45:AB,14048789634
18:36:15,0C:C6:FD:1E:63:2B,04:D1:3A:60:45:AB,14048789635
18:36:26,0C:C6:FD:1E:63:2B,20:34:FB:ED:94:5D,14048789636
18:36:36,0C:C6:FD:1E:63:2B,F4:60:E2:DB:73:29,14048789637
18:36:46,0C:C6:FD:1E:63:2B,04:D1:3A:60:45:AB,14048789638
18:36:56,0C:C6:FD:1E:63:2B,04:D1:3A:60:45:AB,14048789639
18:37:06,0C:C6:FD:1E:63:2B,20:34:FB:ED:94:5D,14048789640
18:37:16,0C:C6:FD:1E:63:2B,20:34:FB:ED:94:5D,14048789641
18:37:26,0C:C6:FD:1E:63:2B,04:D1:3A:60:45:AB,14048789642
18:37:36,0C:C6:FD:1E:63:2B,20:34:FB:ED:94:5D,14048789643
18:37:46,0C:C6:FD:1E:63:2B,04:D1:3A:60:45:AB,14048789644
18:37:56,0C:C6:FD:1E:63:2B,F4:60:E2:DB:73:29,14048789645
18:38:06,0C:C6:FD:1E:63:2B,F4:CB:52:73:DD:23,14048789646
18:38:16,0C:C6:FD:1E:63:2B,F4:60:E2:DB:73:29,14048789647
18:38:26,0C:C6:FD:1E:63:2B,20:34:FB:ED:94:5D,14048789648
18:38:36,0C:C6:FD:1E:63:2B,F4:CB:52:73:DD:23,14048789649
18:38:46,0C:C6:FD:1E:63:2B,04:D1:3A:60:45:AB,14048789650
18:38:56,0C:C6:FD:1E:63:2B,F4:CB:52:73:DD:23,14048789651
18:39:06,0C:C6:FD:1E:63:2B,F4:CB:52:73:DD:23,14048789652
18:39:16,0C:C6:FD:1E:63:2B,F4:60:E2:DB:73:29,14048789653
18:39:26,0C:C6:FD:1E:63:2B,F4:60:E2:DB:73:29,14048789654
18:39:36,0C:C6:FD:1E:63:2B,20:34:FB:ED:94:5D,14048789655
18:39:46,0C:C6:FD:1E:63:2B,F4:60:E2:DB:73:29,14048789656
18:39:56,0C:C6:FD:1E:63:2B,04:D1:3A:60:45:AB,14048789657
18:40:06,0C:C6:FD:1E:63:2B,F4:60:E2:DB:73:29,14048789658
18:40:16,0C:C6:FD:1E:63:2B,04:D1:3A:60:45:AB,14048789659
18:40:26,0C:C6:FD:1E:63:2B,04:D1:3A:60:45:AB,14048789660
18:40:36,0C:C6:FD:1E:63:2B,F4:60:E2:DB:73:29,14048789661
18:40:46,0C:C6:FD:1E:63:2B,F4:CB:52:73:DD:23,14048789662
18:40:56,0C:C6:FD:1E:63:2B,F4:CB:52:73:DD:23,14048789663
18:41:06,0C:C6:FD:1E:63:2B,F4:CB:52:73:DD:23,14048789664
18:41:16,0C:C6:FD:1E:63:2B,F4:CB:52:73:DD:23,14048789665
18:41:27,0C:C6:FD:1E:63:2B,04:D1:3A:60:45:AB,14048789666
18:41:37,0C:C6:FD:1E:63:2B,04:D1:3A:60:45:AB,14048789667
18:41:47,0C:C6:FD:1E:63:2B,F4:CB:52:73:DD:23,14048789668
18:41:57,0C:C6:FD:1E:63:2B,F4:CB:52:73:DD:23,14048789669
18:42:07,0C:C6:FD:1E:63:2B,F4:CB:52:73:DD:23,14048789670
18:42:17,0C:C6:FD:1E:63:2B,F4:60:E2:DB:73:29,14048789671
18:42:27,0C:C6:FD:1E:63:2B,20:34:FB:ED:94:5D,14048789672
18:42:37,0C:C6:FD:1E:63:2B,20:34:FB:ED:94:5D,14048789673
18:42:47,0C:C6:FD:1E:63:2B,04:D1:3A:60:45:AB,14048789674
18:42:57,0C:C6:FD:1E:63:2B,04:D1:3A:60:45:AB,14048789675
18:43:07,0C:C6:FD:1E:63:2B,F4:CB:52:73:DD:23,14048789676
18:43:17,0C:C6:FD:1E:63:2B,F4:60:E2:DB:73:29,14048789677
18:43:27,0C:C6:FD:1E:63:2B,F4:CB:52:73:DD:23,14048789678
18:43:37,0C:C6:FD:1E:63:2B,F4:60:E2:DB:73:29,14048789679
18:43:47,0C:C6:FD:1E:63:2B,F4:60:E2:DB:73:29,14048789680
18:43:57,0C:C6:FD:1E:63:2B,F4:CB:52:73:DD:23,14048789681
18:44:07,0C:C6:FD:1E:63:2B,F4:60:E2:DB:73:29,14048789682
18:44:17,0C:C6:FD:1E:63:2B,04:D1:3A:60:45:AB,14048789683
18:44:27,0C:C6:FD:1E:63:2B,20:34:FB:ED:94:5D,14048789684
18:44:37,0C:C6:FD:1E:63:2B,F4:CB:52:73:DD:23,14048789685
18:44:47,0C:C6:FD:1E:63:2B,F4:60:E2:DB:73:29,14048789686
18:44:57,0C:C6:FD:1E:63:2B,20:34:FB:ED:94:5D,14048789687
18:45:07,0C:C6:FD:1E:63:2B,20:34:FB:ED:94:5D,14048789688
18:45:17,0C:C6:FD:1E:63:2B,F4:CB:52:73:DD:23,14048789689
18:45:27,0C:C6:FD:1E:63:2B,F4:CB:52:73:DD:23,14048789690
18:45:37,0C:C6:FD:1E:63:2B,F4:CB:52:73:DD:23,14048789691
18:45:47,0C:C6:FD:1E:63:2B,20:34:FB:ED:94:5D,14048789692
18:45:57,0C:C6:FD:1E:63:2B,04:D1:3A:60:45:AB,14048789693
18:46:08,0C:C6:FD:1E:63:2B,F4:CB:52:73:DD:23,14048789694
18:46:18,0C:C6:FD:1E:63:2B,20:34:FB:ED:94:5D,14048789695
18:46:28,0C:C6:FD:1E:63:2B,04:D1:3A:60:45:AB,14048789696
18:46:38,0C:C6:FD:1E:63:2B,F4:60:E2:DB:73:29,14048789697
18:46:48,0C:C6:FD:1E:63:2B,04:D1:3A:60:45:AB,14048789698
18:46:58,0C:C6:FD:1E:63:2B,20:34:FB:ED:94:5D,14048789699
18:47:08,0C:C6:FD:1E:63:2B,F4:60:E2:DB:73:29,140487896100
18:47:18,0C:C6:FD:1E:63:2B,F4:CB:52:73:DD:23,140487896101
18:47:28,0C:C6:FD:1E:63:2B,20:34:FB:ED:94:5D,140487896102
18:47:38,0C:C6:FD:1E:63:2B,04:D1:3A:60:45:AB,140487896103
18:47:48,0C:C6:FD:1E:63:2B,20:34:FB:ED:94:5D,140487896104
18:47:58,0C:C6:FD:1E:63:2B,20:34:FB:ED:94:5D,140487896105
18:48:08,0C:C6:FD:1E:63:2B,20:34:FB:ED:94:5D,140487896106
18:48:18,0C:C6:FD:1E:63:2B,04:D1:3A:60:45:AB,140487896107
18:48:28,0C:C6:FD:1E:63:2B,F4:60:E2:DB:73:29,140487896108
18:48:38,0C:C6:FD:1E:63:2B,20:34:FB:ED:94:5D,140487896109
18:48:48,0C:C6:FD:1E:63:2B,20:34:FB:ED:94:5D,140487896110
18:48:58,0C:C6:FD:1E:63:2B,04:D1:3A:60:45:AB,140487896111
18:49:08,0C:C6:FD:1E:63:2B,F4:60:E2:DB:73:29,140487896112
18:49:18,0C:C6:FD:1E:63:2B,F4:CB:52:73:DD:23,140487896113
18:49:28,0C:C6:FD:1E:63:2B,04:D1:3A:60:45:AB,140487896114
18:49:38,0C:C6:FD:1E:63:2B,04:D1:3A:60:45:AB,140487896115
18:49:48,0C:C6:FD:1E:63:2B,20:34:FB:ED:94:5D,140487896116
18:49:58,0C:C6:FD:1E:63:2B,F4:CB:52:73:DD:23,140487896117
